nim,name,gender,department,phone,email
72-4584118,Lammond Lucchi,Male,6,528 123 9628,llucchi0@illinois.edu
39-7236358,Rachele Keitch,Female,7,750 284 2934,rkeitch1@photobucket.com
84-7808041,Tabbie Falcus,Male,13,751 499 0808,tfalcus2@google.com.au
87-7002343,Vinita Sheryne,Female,14,370 181 8674,vsheryne3@ox.ac.uk
73-8533672,Kelci Ashwood,Female,2,405 404 2072,kashwood4@facebook.com
50-7839662,Decca Thornewell,Male,4,976 593 9233,dthornewell5@nps.gov
73-5589942,Donny Schapiro,Polygender,7,686 294 6982,dschapiro6@blogger.com
91-3228853,Sigfrid Harrigan,Male,2,591 383 1320,sharrigan7@cyberchimps.com
85-4752029,Mendie Boc,Male,5,146 663 6904,mboc8@infoseek.co.jp
07-7541787,Elisabet Whordley,Female,7,713 267 5636,ewhordley9@rediff.com
17-2093606,Shannah Loughlin,Female,6,213 832 2482,sloughlina@newsvine.com
89-5858382,Wesley Phillpot,Male,13,338 932 1782,wphillpotb@parallels.com
67-9104946,Albie Shatford,Male,3,891 790 0910,ashatfordc@ning.com
83-2988933,Mort Danser,Male,12,484 592 3973,mdanserd@goo.gl
53-2048764,Conni Brolan,Female,15,411 424 7600,
01-6302164,Milka Camelin,Female,8,338 224 5590,mcamelinf@mashable.com
73-0409819,Winfield Old,,15,354 948 5638,woldg@hao123.com
03-8822632,Homere Mathias,Male,7,,hmathiash@unesco.org
22-2047446,Philipa Ffoulkes,Female,10,778 816 4512,pffoulkesi@rambler.ru
73-8269118,Jasun Baxstare,Male,10,257 406 0036,jbaxstarej@vk.com
70-8964543,Luca Slocom,Male,12,186 710 1101,lslocomk@wordpress.com
74-6462339,Luciana Crabbe,Female,13,604 743 2688,lcrabbel@illinois.edu
81-7509931,Annabela Jaffra,Female,7,950 876 6404,ajaffram@go.com
67-3597479,Zena Wrist,Polygender,5,869 971 1645,
01-8232871,Randie Bidgod,Female,4,,rbidgodo@parallels.com
76-2475948,Raul Cowlishaw,Male,13,440 916 9488,rcowlishawp@illinois.edu
67-4876384,Leese Limmer,Female,2,399 884 5618,llimmerq@sourceforge.net
71-1445888,Brnaba Leon,Male,1,851 638 2042,bleonr@elpais.com
01-7459943,Feliks Jeffray,Male,2,132 750 4229,fjeffrays@gov.uk
61-0611414,Barnett Murra,Male,9,359 336 8607,bmurrat@wufoo.com
87-6206019,Mohammed Huburn,Male,6,761 914 9353,mhuburnu@ebay.com
68-5259632,Kessia Hughman,Female,13,265 339 5748,khughmanv@opensource.org
31-8456808,Marisa Darridon,Female,5,474 762 8862,mdarridonw@usda.gov
87-1884156,Kakalina Mathwen,Female,8,527 799 0236,kmathwenx@sciencedirect.com
11-3894587,Judi Kilbee,Female,15,881 216 8518,jkilbeey@cisco.com
77-2368472,Thibaud Jandera,Male,7,266 517 3566,tjanderaz@list-manage.com
07-6906342,Eliza Benoiton,Female,10,397 821 3411,ebenoiton10@amazon.de
49-6848097,Christen Manuello,Female,15,216 995 3253,cmanuello11@gnu.org
34-3843666,Nevile Normanvell,Male,1,974 670 2836,nnormanvell12@mapquest.com
11-5176616,Ara Arnold,Male,2,688 717 8173,aarnold13@moonfruit.com
68-7547606,Aryn Swindall,Female,1,718 735 6234,aswindall14@java.com
75-6725258,Maximo Gipson,Male,6,683 119 3872,mgipson15@berkeley.edu
01-9256008,Terencio Parlor,Male,11,943 769 4041,tparlor16@mlb.com
99-9479669,Ruthie Eubank,Female,11,348 452 5361,reubank17@yellowbook.com
06-9719349,Karina Jurasek,Female,3,197 894 2249,kjurasek18@google.ca
74-3082191,Che Autie,Male,6,971 489 3295,cautie19@gravatar.com
58-9856597,Dennie Breadon,Female,13,,dbreadon1a@biglobe.ne.jp
30-9198030,Esmaria Kilgour,Female,13,633 284 9035,ekilgour1b@sakura.ne.jp
72-7394213,Hedy Sawdy,Bigender,15,541 747 5013,hsawdy1c@reddit.com
89-7030845,Mayor Ornils,Male,4,695 293 3598,mornils1d@nature.com
93-6988464,Hakeem Garden,Male,12,841 326 9858,
40-8625083,Kelcey Hatwells,Female,3,280 645 4233,khatwells1f@hc360.com
33-65508024,Georg Matzen,Male,8,346 591 0070,gmatzen1g@live.com
,,Female,,987 118 3393,lingyon1h@amazon.de
20-7162438,Phillipe Padberry,,3,709 147 3880,ppadberry1i@bluehost.com
43-1147447,Evonne Fisher,Female,15,391 915 3576,efisher1j@ustream.tv
34-9971105,Nannette Handrik,Genderfluid,8,632 656 1378,nhandrik1k@guardian.co.uk
59-3458119,Frank McMeeking,Male,2,100 865 0816,fmcmeeking1l@ameblo.jp
,,Non-binary,,807 826 0898,rzahor1m@wordpress.org
96-5363759,Felisha Dacca,Female,9,702 924 3876,fdacca1n@marriott.com
08-0878102,Waldon Longstaff,Male,14,470 465 2065,wlongstaff1o@boston.com
42-3575244,Annamarie Pays,Non-binary,5,138 299 8706,apays1p@blogger.com
68-3584101,Latrina Crellim,Genderqueer,10,759 885 9962,lcrellim1q@geocities.com
65-03959714,Fanechka Harrap,Female,9,201 663 7612,fharrap1r@shutterfly.com
81-5370780,Alvera Wyss,Female,14,718 297 3307,awyss1s@pen.io
67-4236891,Rinaldo Cicconettii,Male,7,799 554 3082,rcicconettii1t@meetup.com
85-3722005,Tamara Alvaro,Female,7,417 256 0859,talvaro1u@jiathis.com
33-2644690,Ennis Isaksen,Male,12,948 784 3252,eisaksen1v@mapy.cz
02-9548108,Alic de Lloyd,,13,897 596 9097,ade1w@hatena.ne.jp
28-9860571,Vivie Heskins,Female,13,426 631 8640,vheskins1x@hugedomains.com
84-1245432,Crichton Corselles,Male,8,542 570 3015,ccorselles1y@illinois.edu
24-5784320,Sharla Gilliland,Female,9,790 832 3558,sgilliland1z@auda.org.au
65-8412066,Wilburt Collip,Male,6,997 672 3693,wcollip20@networkadvertising.org
73-2928609,Homer Dello,Male,4,903 554 7836,
06-6035480,Carley Rathbone,Female,3,280 511 6825,crathbone22@businesswire.com
61-6830886,Enrico Athersmith,Male,2,143 946 5519,eathersmith23@twitter.com
93-8507224,Juditha Dragoe,Female,4,317 369 1821,jdragoe24@cam.ac.uk
34-4882793,Gradey Westerman,Male,10,314 259 3554,gwesterman25@smh.com.au
68-1548080,Alana Woolmore,,2,,awoolmore26@cmu.edu
81-8476367,Lemar Docharty,Male,15,206 149 6652,ldocharty27@zdnet.com
04-6712124,Shanan Titchmarsh,Male,4,187 327 2181,stitchmarsh28@printfriendly.com
58-5455504,Reese Rawdales,Male,12,169 458 9446,
16-9161095,Brena Peverell,Polygender,12,538 975 2385,bpeverell2a@deviantart.com
90-1169006,Oswald Kittles,Male,11,459 995 8025,okittles2b@sohu.com
19-3384298,Becka Kennally,Female,8,607 177 5828,bkennally2c@blogs.com
46-9185037,Tan Noriega,Male,15,170 410 4063,tnoriega2d@earthlink.net
54-4134327,Nikoletta Mounsey,Female,6,572 628 5895,
27-5268997,Felicity Clemmensen,Female,13,,fclemmensen2f@home.pl
73-4267737,Wells De Ruggiero,Male,9,,wde2g@altervista.org
95-1666691,Goober Pettifer,Male,4,388 252 1646,gpettifer2h@google.es
83-1803107,Avram Schutte,Male,15,606 997 4271,aschutte2i@cbc.ca
09-2163273,Margi D'Enrico,Bigender,9,716 244 4588,mdenrico2j@wikimedia.org
95-99809024,Rainer Ubsdale,Male,14,298 261 8196,rubsdale2k@npr.org
30-6147990,Adam Daniele,Male,9,471 687 4257,adaniele2l@stanford.edu
83-6079493,Samson Tanguy,Male,14,949 654 5419,stanguy2m@si.edu
21-1738871,Marne Bergstram,Genderqueer,13,524 793 9685,mbergstram2n@slideshare.net
00-0560643,Jeremias Pipworth,Male,6,,jpipworth2o@shinystat.com
35-2468756,Sharla Vitler,Female,11,,svitler2p@china.com.cn
56-4492021,Fitzgerald Rickets,Male,11,448 899 3638,frickets2q@weather.com
85-4388431,Gris Kerans,Male,8,478 446 4189,
61-8228203,Franzen Caveau,Male,6,680 242 6104,fcaveau2s@seattletimes.com
12-7832429,George Sporton,,9,517 585 3821,
84-1080953,Honor Huggill,Female,1,951 950 3276,hhuggill2u@deliciousdays.com
48-9019746,Kinny McNalley,Agender,12,307 563 3697,
01-1790463,Carey Ricardou,Male,13,188 140 0209,cricardou2w@prlog.org
02-3343888,Hiram Adam,Male,3,881 998 6275,hadam2x@simplemachines.org
76-6859763,Abigale Adamson,Female,9,447 169 5429,aadamson2y@toplist.cz
59-4180317,Jany Apfler,Female,14,951 654 0169,japfler2z@tmall.com
10-3441090,Courtney Suttie,Male,13,598 562 7615,csuttie30@tumblr.com
37-4253048,Ham Tefft,Male,2,149 591 9407,
49-1070202,Eziechiele Dollen,Male,15,173 942 9094,edollen32@fda.gov
31-9156434,Valentina Parnham,Female,4,,vparnham33@t-online.de
24-2148870,Rowena Pryell,Female,14,625 444 5998,rpryell34@aol.com
44-7436381,Jammal Arundell,Male,2,781 566 4930,jarundell35@so-net.ne.jp
73-6586672,Shoshanna Ripley,Female,14,504 176 8838,sripley36@zdnet.com
44-2369099,Fraze Lilloe,Male,3,438 384 7117,flilloe37@sfgate.com
72-4543240,Charley Yakolev,Male,11,865 541 6421,cyakolev38@quantcast.com
24-6585508,Bartholomeo Perllman,Male,1,746 352 6935,bperllman39@vk.com
96-2988398,Del Krollmann,Male,3,993 286 4778,dkrollmann3a@tmall.com
61-7167481,Urbano Kesper,Male,1,503 198 9331,ukesper3b@cornell.edu
52-94952724,Byram Clere,Male,14,400 733 4763,bclere3c@tinypic.com
93-4604114,Kipp Beasant,Male,1,360 608 1778,kbeasant3d@ameblo.jp
63-3441504,Charlot Smillie,Female,4,294 577 0267,csmillie3e@virginia.edu
74-7063965,Nathanael Visick,Male,13,678 564 7072,nvisick3f@netscape.com
78-3924699,Early Latey,Male,9,400 747 0312,elatey3g@constantcontact.com
71-4576844,Sonny Barosch,Agender,1,800 344 6517,sbarosch3h@parallels.com
29-7903376,Phyllys Fortesquieu,Female,15,,pfortesquieu3i@merriam-webster.com
78-4344701,Tadio Crampsey,Male,10,277 913 3382,tcrampsey3j@google.it
88-0800955,Thacher Bettington,Male,8,808 321 4935,
80-8392661,Corbet Mote,Male,7,210 396 6374,cmote3l@bbb.org
30-0685542,Chip Corradi,Male,6,234 887 7671,ccorradi3m@discovery.com
21-0093801,Gwynne Meak,Female,12,435 422 4357,
61-1868474,Consuelo Menham,Female,15,777 766 7263,cmenham3o@discovery.com
72-6164936,Kincaid Selborne,Male,11,173 506 1450,kselborne3p@sakura.ne.jp
00-0054449,Purcell Anselmi,Male,14,919 333 9410,panselmi3q@linkedin.com
36-2613441,Armstrong Jerred,Male,15,796 689 7446,ajerred3r@dyndns.org
63-8500854,Vasily Fildery,Genderqueer,11,694 694 0831,vfildery3s@privacy.gov.au
41-8270791,Perren Whapples,Male,6,716 592 0330,pwhapples3t@feedburner.com
38-6046054,Ezekiel Marquese,Male,13,100 579 1672,
79-2278847,Lodovico Beiderbeck,Male,2,258 703 3164,lbeiderbeck3v@psu.edu
23-6181856,Maurits Shillabeer,Male,3,345 398 4314,mshillabeer3w@cdbaby.com
96-0812759,Ula Akhurst,Female,7,620 745 8535,uakhurst3x@biblegateway.com
95-0216433,Ellswerth Reuven,Male,4,651 304 4232,ereuven3y@chron.com
37-0224860,Zacharias Corps,Male,13,656 781 0361,
53-3123391,Diego Currao,Male,9,338 152 3246,dcurrao40@wired.com
17-8967365,Toiboid Fidoe,Male,8,489 611 4085,
48-4928976,Darla Penniell,Female,5,331 894 4891,dpenniell42@home.pl
59-3673430,Hersh Kunat,Male,4,595 589 2353,hkunat43@clickbank.net
79-7224311,Haydon Bugden,Male,2,211 499 7065,hbugden44@wikia.com
16-4477763,Nicki O'Geneay,Female,5,,nogeneay45@va.gov
28-1544286,Gillan Costellow,Non-binary,2,711 671 6094,
74-6856098,Yale McDyer,Male,13,740 384 4205,ymcdyer47@posterous.com
97-8903433,Issie Gittus,Female,11,737 657 5098,
07-9695991,Monika Rousel,Female,15,151 324 3632,mrousel49@gnu.org
19-0721277,Rebbecca Fenton,Female,12,489 149 7367,rfenton4a@technorati.com
79-7852750,Patrice Gravie,Female,3,193 758 8538,
30-4617382,Piggy Jakeman,Male,2,,pjakeman4c@1und1.de
22-4035980,Humberto Huonic,Male,5,277 268 7063,hhuonic4d@yolasite.com
57-8076325,Weider McMechan,Male,1,,wmcmechan4e@merriam-webster.com
75-2245424,Andres Shovelbottom,Bigender,1,766 481 7818,
38-4966999,Amalee Pease,,15,,apease4g@amazon.co.uk
48-2338503,Piper Child,Female,15,165 877 8405,pchild4h@prweb.com
10-4285847,Fawne Narducci,Female,3,247 387 1705,fnarducci4i@howstuffworks.com
74-5972583,Fredric Redfield,Male,7,778 826 5602,fredfield4j@sohu.com
18-1139133,Kessia Rust,Female,14,180 385 5125,krust4k@cbc.ca
,,Female,,919 351 7310,jpilling4l@seattletimes.com
91-6855075,Reese Wogden,Male,3,850 786 2717,rwogden4m@xrea.com
28-3368979,Redford Kendal,Male,11,821 561 8918,rkendal4n@netlog.com
44-6122621,Hilton McEnery,Male,14,892 507 5916,hmcenery4o@imageshack.us
45-9191208,Talia Setford,Female,8,552 895 1355,tsetford4p@parallels.com
79-2881944,Griswold Pryke,Male,6,992 156 3627,
70-0251765,Hendrik Pelerin,Male,9,968 560 9349,hpelerin4r@ucoz.com
40-9853169,Karee Strang,Female,7,548 239 6791,kstrang4s@usatoday.com
00-7945043,Aurea Kynastone,Female,6,728 571 1824,
70-7096119,Kurtis Shiel,Agender,3,451 996 5561,kshiel4u@springer.com
80-9192829,Byrom Wiltshier,Male,11,468 375 8085,bwiltshier4v@un.org
86-8020535,Hartwell Pane,Male,10,947 878 2868,hpane4w@umn.edu
32-5371810,Giovanna Gerriessen,Female,3,248 859 5753,ggerriessen4x@nyu.edu
32-9290876,Tam Sparke,Male,6,863 471 0655,tsparke4y@paypal.com
24-3054342,Gaile Fedder,Agender,14,205 222 8163,gfedder4z@plala.or.jp
23-1333022,Blaire Allingham,Female,6,972 374 2517,
82-7170220,Jim Kenningham,Male,4,386 892 1136,jkenningham51@marriott.com
70-0632179,Erick Rait,Polygender,1,612 233 3637,erait52@bizjournals.com
10-4206041,Robert Milligan,Male,6,841 218 7837,rmilligan53@spiegel.de
69-1748134,Tymothy Sapauton,Male,13,673 996 6945,tsapauton54@creativecommons.org
39-0241635,Valry Digger,Female,7,936 407 1830,vdigger55@mlb.com
02-9190328,Penrod Bimson,Male,6,,pbimson56@odnoklassniki.ru
73-5629062,Stuart Kilpin,Male,3,221 754 7294,skilpin57@businessinsider.com
61-4877895,Beilul Burroughes,Female,6,723 734 7515,bburroughes58@irs.gov
86-7801597,Penn Habbershon,Male,7,791 881 6282,phabbershon59@rambler.ru
07-0017752,Emalia Breit,Female,7,507 458 3895,ebreit5a@mysql.com
79-7302013,Gordon Tabb,Male,5,,gtabb5b@blogs.com
22-8669233,Tracie Warrell,Female,7,805 142 0797,twarrell5c@mozilla.com
28-5743129,Miller Kroll,Male,13,403 641 3981,mkroll5d@yolasite.com
95-3243936,Alwyn Baggally,Agender,7,642 976 8131,abaggally5e@dagondesign.com
50-2348586,Broderick Beange,Male,7,760 507 0500,bbeange5f@pagesperso-orange.fr
71-6399090,Reuven Gilyott,Male,5,663 602 7496,rgilyott5g@dropbox.com
95-6737388,Rabbi Spelsbury,Male,2,396 961 4697,
49-3350910,Hailee Durling,Female,8,300 687 6009,hdurling5i@drupal.org
21-3273059,Kit Clausewitz,Female,14,784 613 1486,
46-1610657,Deck Ditzel,Male,8,714 796 7991,
17-6432176,Zerk Lapley,Male,4,978 965 1613,zlapley5l@bbb.org
18-2930503,Fara Wheelwright,Genderfluid,1,287 366 4108,fwheelwright5m@tumblr.com
44-6976630,Berenice Renvoys,Female,13,995 381 9239,brenvoys5n@blinklist.com
93-8264129,Cody Bettridge,Male,10,188 682 6160,cbettridge5o@wp.com
,,Genderqueer,,833 315 4731,mbuddington5p@eventbrite.com
70-3338014,Neila Joannet,Female,9,520 922 2861,njoannet5q@liveinternet.ru
24-2600167,Jermaine Gepheart,Male,8,869 831 1229,jgepheart5r@angelfire.com
15-1252595,Trudie Bigmore,Polygender,5,846 835 8134,tbigmore5s@forbes.com
15-1281874,Laureen Vickars,Female,7,,
,,Female,,119 415 4587,cgoldsberry5u@creativecommons.org
01-2551691,Anica Brouncker,Female,1,596 731 4636,abrouncker5v@cyberchimps.com
46-0235779,Jayson Fritschmann,Male,1,,jfritschmann5w@uiuc.edu
02-6670778,Dulcia Jone,Female,4,680 129 3892,
53-4642168,Isacco Marson,Male,14,432 395 8804,imarson5y@cnbc.com
51-6577810,Burgess Frill,Male,15,100 642 5868,bfrill5z@japanpost.jp
27-4081109,Evin Cogle,Male,10,659 349 9927,ecogle60@desdev.cn
45-4988382,Giff Fitzpayn,Bigender,4,282 699 7938,gfitzpayn61@walmart.com
33-2051882,Grenville Okenden,Male,14,467 907 4837,gokenden62@google.pl
35-2352264,Barnebas Kmicicki,Male,11,833 581 6908,bkmicicki63@t.co
62-7375816,Ariel Leason,Male,7,886 651 6179,
79-1090319,Dante Moorerud,Male,10,537 363 0942,dmoorerud65@diigo.com
11-0298948,Thorin Caffin,,13,596 800 2741,tcaffin66@google.de
35-8296178,Ado Glaysher,Male,9,270 829 0249,aglaysher67@mapy.cz
54-5645938,Magdalen Linford,Polygender,12,110 164 0533,
56-8186925,Mollie Ingamells,Female,9,319 244 2447,mingamells69@foxnews.com
15-6539747,Trish Audritt,Female,14,939 654 7750,taudritt6a@kickstarter.com
21-0696470,Yorgo Neward,Agender,6,,yneward6b@yolasite.com
16-4334033,Marlane Pheby,Female,1,311 558 9373,mpheby6c@soup.io
65-4141860,Mella Doughty,,11,898 488 9687,mdoughty6d@drupal.org
97-4738459,Maryjane Gudge,Female,13,558 779 5801,mgudge6e@weibo.com
26-9902273,Dorita Gilliver,Female,5,711 608 4598,dgilliver6f@infoseek.co.jp
70-4054660,Leonard Suggey,Male,5,997 708 4915,lsuggey6g@google.com.hk
09-1192779,Pet Tippler,Female,10,858 887 6635,
84-0689045,Lavena Kinver,Female,15,402 656 6526,lkinver6i@about.me
39-5065572,Emelita Maccrea,Female,3,328 629 9901,emaccrea6j@sbwire.com
45-6441561,Keary Treweela,Male,8,870 265 0806,ktreweela6k@cargocollective.com
28-7292579,Valera Chadwen,Female,4,715 685 0346,vchadwen6l@narod.ru
45-3016396,Kathryn Crosfeld,Female,6,452 844 7657,kcrosfeld6m@chicagotribune.com
83-7813123,Christy Tilliards,Female,9,511 190 6444,ctilliards6n@wiley.com
02-4998827,Madalena Minget,Female,15,601 406 6718,mminget6o@amazon.co.jp
26-8252586,Salaidh Bogue,Female,7,871 104 4938,sbogue6p@amazon.com
39-88652854,Bryon MacLardie,Male,13,727 295 1278,bmaclardie6q@youku.com
23-2511498,Pincas Rumsey,Male,6,505 614 3821,prumsey6r@amazon.co.jp
04-4999117,Viv McAllan,Female,2,331 617 2925,vmcallan6s@example.com
94-9912162,Fonzie Decker,Bigender,2,453 417 0680,
06-8766446,Culley Goodband,,10,523 379 2491,cgoodband6u@sitemeter.com
45-8242744,Loralyn Boch,Female,14,167 639 7314,lboch6v@skype.com
30-8498040,Margarethe Donet,Female,3,,mdonet6w@time.com
64-2260995,Lorianne Binnion,Female,4,809 210 5376,lbinnion6x@vk.com
36-1135393,Kleon Winn,Male,5,,kwinn6y@edublogs.org
37-2981928,David Side,Male,4,917 828 3153,dside6z@addthis.com
86-8241380,Marrissa Artis,Female,2,709 893 9433,martis70@blogs.com
60-3056347,Dorris Adamowicz,Female,15,791 884 8094,dadamowicz71@nps.gov
46-4911687,August Claussen,Genderqueer,13,389 304 1561,aclaussen72@unicef.org
00-8957247,Berget Rollings,Female,15,723 322 7458,brollings73@technorati.com
34-1410499,Gun Follacaro,Male,11,610 165 0170,gfollacaro74@shareasale.com
63-9074976,Eal Barsby,Agender,1,713 108 6451,ebarsby75@whitehouse.gov
06-6006544,Lezlie Catherall,Female,12,446 128 3667,lcatherall76@nbcnews.com
89-2756379,Berk Ertel,Male,13,839 142 9783,bertel77@ftc.gov
15-6353301,Codie Wise,Male,11,494 975 1232,cwise78@weather.com
05-4623866,Eunice Berford,Bigender,4,307 516 1028,eberford79@about.me
19-9772884,Linn Pender,Male,2,929 292 9996,
14-4029889,Kitty de'-Ancy Willis,Female,15,,kdeancy7b@ezinearticles.com
40-2015582,Faber Moultrie,Male,7,,fmoultrie7c@eventbrite.com
80-5341172,Phillipe Parchment,Male,11,482 205 4071,
93-9284128,Hiram Van Arsdalen,Male,5,791 497 7824,hvan7e@npr.org
10-0343057,Raynor Orae,Male,8,621 827 0767,rorae7f@jiathis.com
55-5875411,Nial Skala,Male,14,583 113 8755,nskala7g@theatlantic.com
71-1134066,Arch Bumpass,Male,6,602 645 9534,abumpass7h@biblegateway.com
97-5758260,Enrico Riccardelli,Male,7,437 927 1525,
88-2110759,Jeane Ditchburn,Female,8,262 170 8093,jditchburn7j@nifty.com
92-5834119,Hastie Charlotte,Male,13,942 636 1795,hcharlotte7k@sina.com.cn
20-4258464,Birch Nassie,Male,6,645 147 7780,bnassie7l@google.pl
49-9971298,Rodolfo Gilmore,Male,11,918 275 1606,rgilmore7m@un.org
,,,,973 603 1619,kbotger7n@desdev.cn
93-4459540,Adria Myerscough,Female,14,283 132 6732,amyerscough7o@craigslist.org
60-9396279,Pauly O' Culligan,Male,4,994 182 1530,po7p@bandcamp.com
56-7091594,Lonnard Wibberley,Male,2,296 492 1488,lwibberley7q@sogou.com
82-2562636,Enos Bauduccio,Genderfluid,13,670 477 5687,ebauduccio7r@livejournal.com
49-3805911,Dahlia Goodey,Female,10,486 272 7891,dgoodey7s@google.com.hk
10-2319372,Levon Ondrasek,Male,5,618 527 6938,londrasek7t@bloglovin.com
54-4603317,Meagan Gainsboro,Female,2,502 301 8622,mgainsboro7u@cdbaby.com
27-2741553,Nanette Hindrick,Genderqueer,11,321 317 5449,nhindrick7v@biblegateway.com
97-4371061,Doe Sewell,Female,15,,
55-0869150,Charley Ewbanke,Male,13,162 542 9363,cewbanke7x@skype.com
25-2064441,Brigham Baudet,Male,4,893 708 8165,bbaudet7y@vkontakte.ru
28-4716805,Neilla Germain,Female,2,211 967 7915,ngermain7z@smugmug.com
74-1278592,Wendi Ettery,,13,711 142 1545,
32-0932396,Abbe Bonnin,Male,3,117 960 0934,abonnin81@abc.net.au
83-1174337,Brigg Botright,Male,1,196 704 9024,bbotright82@who.int
90-1947641,Pepe Jobbins,Male,4,376 203 8884,pjobbins83@moonfruit.com
20-4004374,Layney Cassella,Bigender,15,971 998 4425,
35-2843594,Kelby Benet,Male,9,170 984 2512,kbenet85@google.es
99-9087200,Brady Vonasek,Male,1,,bvonasek86@marketwatch.com
06-0590309,Kevyn Garraway,Female,2,542 545 7219,kgarraway87@4shared.com
28-6316343,Godart Rillatt,Male,4,539 356 0543,grillatt88@businesswire.com
20-0858667,Rica Scouse,Female,6,431 408 6487,rscouse89@ask.com
61-5620987,Kareem Axell,Male,14,,kaxell8a@ca.gov
02-1716247,Kerk MacConnell,Non-binary,8,703 347 4905,kmacconnell8b@gov.uk
48-8715242,Nathalie Peinton,Female,10,871 954 2867,npeinton8c@yelp.com
89-2212251,Letisha Durram,Female,1,480 299 1082,ldurram8d@technorati.com
32-2335860,Kilian Prosch,Male,8,387 158 4582,
19-7882011,Alf Rattrie,Male,4,476 547 1130,arattrie8f@homestead.com
37-5212643,Solly Morton,Male,7,619 232 7387,smorton8g@networksolutions.com
99-1899565,Karen Cunnah,Female,10,733 992 7770,kcunnah8h@domainmarket.com
81-8975112,Salmon True,Male,1,588 991 1030,strue8i@utexas.edu
28-8048498,Claudetta Andreoletti,Female,7,909 197 8022,candreoletti8j@ow.ly
64-5006186,Ozzy Hast,Male,9,341 298 0883,ohast8k@wix.com
90-2654771,Ketti Gunstone,Female,13,132 912 3297,kgunstone8l@microsoft.com
49-1365176,Dasie Preble,Genderqueer,3,916 111 2333,
08-8987818,Orazio Conradie,Male,13,723 330 8153,oconradie8n@reddit.com
35-70801784,Kristan Beddie,Genderqueer,11,784 176 6140,kbeddie8o@tuttocitta.it
19-8302058,Teodorico Saines,Male,5,659 196 4963,tsaines8p@cpanel.net
52-4641975,Robinett Dupre,Female,5,732 253 4826,rdupre8q@cnn.com
03-3021076,Amerigo Braunlein,Male,11,337 842 5363,abraunlein8r@dailymotion.com
74-8863337,Kim Elmore,Male,2,643 115 1726,kelmore8s@chicagotribune.com
78-8099101,Amata Grassick,Female,6,910 697 5879,agrassick8t@epa.gov
20-7110281,Flory Cunrado,Female,11,,fcunrado8u@wix.com
45-7997651,Lucia Klimek,Female,5,170 447 7502,lklimek8v@cnn.com
69-6448537,Luella Thirkettle,Female,15,720 391 3737,lthirkettle8w@yelp.com
87-3468617,Rowena Aldred,Female,11,472 179 9671,raldred8x@macromedia.com
82-0512284,Rickie Grewes,Female,12,791 406 6447,rgrewes8y@feedburner.com
10-3111960,Nikkie Lettington,Female,8,669 670 3138,
34-2385766,Cordy Marvel,Male,13,289 435 7430,
34-2660091,Garret Shorrock,Male,12,908 168 1210,
05-5723033,Neysa Sewell,Female,13,542 849 5627,nsewell92@macromedia.com
75-2938043,Gavin Revie,Male,7,546 841 9990,grevie93@loc.gov
54-4989889,Quintin Doolan,Male,13,,qdoolan94@ca.gov
,,Male,,328 262 9862,
63-8434821,Tybalt De Paoli,Male,4,752 401 1629,tde96@amazon.co.jp
79-5287236,Curt Bowler,Male,1,618 135 6753,cbowler97@sakura.ne.jp
31-0267749,Candace Thrower,Female,13,,cthrower98@craigslist.org
53-4553427,Jerald Greger,Male,4,971 459 9985,
08-0536006,Elsbeth Spary,Female,11,237 189 1143,espary9a@epa.gov
87-7677804,Wallache Hartburn,Male,7,303 580 1069,whartburn9b@skype.com
12-2464766,Lesley Dockrey,Male,6,181 520 4691,ldockrey9c@loc.gov
29-4575639,Diane-marie Pinel,,12,653 742 3638,dpinel9d@unblog.fr
24-7412133,Ulrikaumeko Ollis,Female,11,890 508 6027,uollis9e@altervista.org
92-9714623,Judith Bussens,Female,13,404 393 4513,
19-2645904,Patrice Lotze,Female,15,599 570 1711,plotze9g@sciencedaily.com
41-0349646,Stacie Duerden,Female,11,724 901 2397,sduerden9h@delicious.com
03-9566749,Mathe Mingame,Male,9,665 130 7772,mmingame9i@so-net.ne.jp
65-2246746,Harbert Wiggins,Male,3,946 211 8274,hwiggins9j@cbsnews.com
03-5334213,Kippie Wasmer,Male,6,903 466 6371,kwasmer9k@typepad.com
27-3239222,My McCourtie,Polygender,11,645 136 7756,mmccourtie9l@goo.gl
54-4615425,Leif Vassie,Male,6,376 646 7993,lvassie9m@vkontakte.ru
21-9983454,Welsh Boldra,Male,5,355 911 9833,wboldra9n@upenn.edu
15-9725438,Harv Ingre,Non-binary,5,722 485 9494,hingre9o@hatena.ne.jp
77-3837196,Rod Klemencic,Male,4,,rklemencic9p@narod.ru
36-1622459,Corrina Laird,Female,3,139 391 7782,claird9q@sakura.ne.jp
89-8747342,Guglielma Smalman,Female,13,217 203 3721,gsmalman9r@arizona.edu
41-1234192,Jack Litchmore,Male,10,682 158 0349,jlitchmore9s@sbwire.com
02-7913612,Adeline Havercroft,Female,1,,ahavercroft9t@state.tx.us
68-3800004,Rhea Crispe,Female,10,837 255 2967,rcrispe9u@posterous.com
54-6974049,Ad Ayree,Male,5,594 861 0980,aayree9v@xing.com
50-3060499,Richmound Kemston,Male,7,276 490 5118,rkemston9w@va.gov
55-3198941,Phineas Mustoe,Male,12,707 896 7362,pmustoe9x@bluehost.com
09-1793672,Ede Pesticcio,Female,5,858 628 7577,epesticcio9y@hugedomains.com
89-9844740,Minna Stair,,7,224 531 5153,mstair9z@artisteer.com
79-90847704,Hobey Mountford,Male,4,,hmountforda0@feedburner.com
09-8733846,Miof mela Grisbrook,,1,311 993 4652,mmelaa1@tamu.edu
13-2275687,Howie Finby,Male,1,,hfinbya2@weebly.com
05-8761565,Babs Holdren,Female,15,627 763 5302,bholdrena3@blog.com
61-6357421,Townie Vallack,Male,3,885 924 4298,tvallacka4@addthis.com
79-9967288,Pennie Barlthrop,Male,1,489 682 3542,pbarlthropa5@theguardian.com
11-4930053,Norry Gile,Female,15,654 328 9707,ngilea6@who.int
15-3279920,Terza Louca,Female,15,,tloucaa7@adobe.com
52-2092728,Randall O'Lagen,Genderfluid,15,863 405 1427,rolagena8@harvard.edu
69-5980640,Hunt Black,Male,2,560 752 5946,hblacka9@ca.gov
94-1024782,Shamus Martygin,Male,13,,smartyginaa@wikispaces.com
46-8090534,Bernita MacConnechie,Female,12,,bmacconnechieab@reference.com
75-1237550,Timothea Grunnill,Female,11,311 380 1261,tgrunnillac@huffingtonpost.com
50-3117814,Modesta Chowne,Genderqueer,10,848 630 5740,mchownead@marketwatch.com
29-7361214,Georgi Glede,,4,914 218 5184,ggledeae@desdev.cn
62-3996128,Ingemar Pellingar,,12,521 488 1247,ipellingaraf@businesswire.com
57-8760995,Adria Scargill,Female,9,436 774 3893,ascargillag@google.com.au
47-3306084,Doretta Patten,Female,8,527 146 3028,dpattenah@topsy.com
93-3383517,Colene Vinker,Polygender,6,587 449 8164,cvinkerai@rakuten.co.jp
75-7173343,Araldo Foxcroft,Male,15,219 543 4381,afoxcroftaj@blogspot.com
09-4642151,Sharl Fieldstone,Female,4,724 890 5220,sfieldstoneak@noaa.gov
93-2153683,Sheff Sexton,Male,12,183 962 2420,ssextonal@dion.ne.jp
97-3728667,Lila Willoughey,Female,1,273 373 5045,lwillougheyam@yolasite.com
96-1177661,Bertie Kilgallen,Female,15,385 117 8026,bkilgallenan@mac.com
87-9756745,Lorraine Tokell,Female,7,274 871 2290,ltokellao@sbwire.com
60-2529945,Selia Shiels,Female,7,442 831 3401,sshielsap@youtu.be
57-1208275,Skipper Doorbar,Male,8,,sdoorbaraq@disqus.com
21-7502914,Feliza Scotson,Female,8,594 231 1777,fscotsonar@pen.io
21-4600407,Etty Navarre,Female,11,736 464 9017,enavarreas@tinyurl.com
64-0389607,Adan Drane,Female,15,742 839 0222,adraneat@cafepress.com
29-2315959,Avrit Kuller,Female,11,460 270 9266,
10-8961101,Tracey Upwood,Female,2,108 630 7018,tupwoodav@cisco.com
68-5031934,Reggy Grisley,Male,6,,rgrisleyaw@accuweather.com
61-4209146,Brandy Lyddy,Agender,15,,blyddyax@shareasale.com
71-8591162,Kynthia Deftie,Female,4,511 615 4718,kdeftieay@free.fr
10-0879265,Mar Plevey,Male,5,769 335 1458,mpleveyaz@blogtalkradio.com
04-2090524,Gilbert Linklater,Male,4,916 855 2327,glinklaterb0@diigo.com
57-5381840,Philippa Jira,Female,7,,pjirab1@merriam-webster.com
21-2784925,Phillipp Beades,Male,9,785 832 0589,pbeadesb2@europa.eu
25-4188282,Haslett McCaster,Male,9,302 570 2307,hmccasterb3@marriott.com
92-7290999,Kandy Biasioli,Female,8,368 171 9300,kbiasiolib4@nba.com
14-8328303,Derry Mocher,Male,10,206 712 5651,dmocherb5@cafepress.com
73-9338296,Land Rishbrook,Male,1,693 654 1661,lrishbrookb6@hatena.ne.jp
,,Genderqueer,,602 913 5252,vturbillb7@trellian.com
91-0755661,Shermie Hallick,Male,10,335 638 7102,shallickb8@opera.com
31-2555172,Jacky Furness,Male,15,212 465 9024,jfurnessb9@webeden.co.uk
86-6699281,Montgomery Malitrott,Male,2,313 924 0272,
01-4750967,Melisa Currom,Genderqueer,3,,mcurrombb@census.gov
61-1607351,Dayle Paladino,Genderqueer,12,,dpaladinobc@ihg.com
22-85280994,Kathrine Grichukhin,Female,4,,kgrichukhinbd@google.fr
12-4479978,Lorilee Eddleston,Female,14,548 105 2568,leddlestonbe@com.com
12-6203151,Fedora Gue,Female,9,814 497 5739,fguebf@latimes.com
16-1014290,Ramsay Edes,Male,3,549 681 0425,redesbg@state.tx.us
39-7369441,Emmalee Palleske,Female,3,873 808 1343,epalleskebh@taobao.com
57-7209775,Heinrick Monier,Male,11,697 406 7611,hmonierbi@gizmodo.com
51-4156613,Filmore Ramage,Male,13,,framagebj@mediafire.com
46-9919334,Alexandra Liven,Female,6,585 874 2075,alivenbk@java.com
92-1508815,Margalo Bean,Female,5,306 615 4322,mbeanbl@weibo.com
35-5871421,Roxanna Rosbotham,Female,13,751 313 7328,
50-6902978,Meryl De Bernardi,Female,12,663 862 0881,mdebn@wix.com
63-1139512,Lenna Ableson,Female,7,,lablesonbo@sina.com.cn
36-2184343,Hussein Boler,Male,5,723 635 3009,hbolerbp@cbc.ca
69-2174330,Bettye Spriddle,Female,5,773 335 8195,bspriddlebq@infoseek.co.jp
45-9016216,Blanche Anstiss,Non-binary,2,919 367 9660,banstissbr@cornell.edu
70-8683691,Flory Molyneaux,Male,13,606 924 8901,fmolyneauxbs@live.com
94-4345164,Dannel Van de Castele,Male,6,588 120 5418,dvanbt@yahoo.com
,,Female,,879 176 6858,lbaxstarbu@quantcast.com
17-8201041,Sonny Esler,,2,353 296 5261,seslerbv@ihg.com
,,Male,,422 100 4392,
,,Female,,354 279 1364,sbowsherbx@npr.org
17-9711947,Kat Cossell,Female,7,689 995 5512,kcossellby@google.co.jp
37-0482650,Carmen Grouse,Female,6,227 586 7433,cgrousebz@fda.gov
29-1760792,Farrell Deniso,,2,744 573 0445,fdenisoc0@arizona.edu
91-5132449,Casar Tidgewell,Male,7,633 468 0882,ctidgewellc1@ox.ac.uk
55-2879546,Alfonse Goldspink,Male,2,476 789 5995,agoldspinkc2@usda.gov
84-8182189,Flori Heffernan,Female,1,195 753 1274,fheffernanc3@jalbum.net
77-3529872,Penrod Schumacher,Male,13,962 980 6698,pschumacherc4@cnbc.com
42-1475711,Renell Selesnick,Female,4,433 762 1560,rselesnickc5@clickbank.net
50-0322145,Rene Sear,Female,11,596 426 6211,rsearc6@dion.ne.jp
,,Male,,840 718 4746,condrichc7@addthis.com
75-4435580,Fidelia Harbard,Female,6,,fharbardc8@accuweather.com
31-9514529,Roxy Tuffey,Female,11,889 601 3317,rtuffeyc9@pcworld.com
90-8313201,Carly Poulson,Female,8,402 455 5943,cpoulsonca@fema.gov
89-0553317,Clive Grigorushkin,,10,,cgrigorushkincb@time.com
55-4543325,Murray Tevelov,Male,13,236 953 4012,mtevelovcc@umn.edu
01-2472602,Emanuele Spellward,Male,9,497 481 2122,espellwardcd@theatlantic.com
37-9398516,Gerik Stelfax,Male,6,273 607 9474,gstelfaxce@jimdo.com
88-5498291,Therese Gwilliams,Female,5,570 454 6334,tgwilliamscf@sohu.com
00-5000209,Wylie Woodvine,Male,2,390 242 5677,wwoodvinecg@economist.com
31-2774218,Conrade Percifer,Male,1,470 617 2910,cperciferch@dyndns.org
64-7954106,Libbie Broader,Female,14,129 124 9611,lbroaderci@infoseek.co.jp
11-2082616,Blair Harriot,Polygender,15,412 460 5185,bharriotcj@irs.gov
15-5923282,Constantine Vairow,Female,8,477 281 7834,cvairowck@dagondesign.com
05-2720149,Berkie Mounfield,Male,4,593 646 3411,bmounfieldcl@mayoclinic.com
08-2074828,Cchaddie Fleckness,Bigender,1,281 156 3381,cflecknesscm@parallels.com
60-6650515,Emmalyn Rau,Female,14,429 988 6195,eraucn@fastcompany.com
51-3458582,Lucretia Barford,Female,10,608 707 5224,lbarfordco@sciencedirect.com
24-7752527,Louis Penchen,Male,14,373 451 2752,lpenchencp@redcross.org
79-8125665,Pryce Ortsmann,Male,15,301 374 0662,portsmanncq@wikipedia.org
89-9335040,Marcelo Hattrick,Bigender,4,224 445 0535,mhattrickcr@tinyurl.com
56-0748106,Kathryne Heaysman,Female,10,973 651 6912,kheaysmancs@answers.com
97-8794996,Liuka Poynter,Female,2,281 327 1016,
64-8759973,Alvinia Giovani,Female,12,162 842 4688,agiovanicu@bloglovin.com
77-5149207,Shannen Huban,Female,3,161 319 9021,shubancv@google.pl
76-8698701,Alick Huckster,Male,1,935 563 4877,ahuckstercw@senate.gov
02-0807436,Marley Lyttle,Agender,13,958 158 0782,mlyttlecx@newyorker.com
59-8549213,Opalina Fobidge,Female,13,151 724 5682,ofobidgecy@wikimedia.org
87-0193781,Ewan O'Keevan,Male,13,160 571 3417,eokeevancz@hud.gov
25-7837999,Clarie Crunden,Female,8,765 867 6962,ccrundend0@facebook.com
10-6355798,Andris Sawford,Male,11,473 152 2291,asawfordd1@list-manage.com
10-9655704,Donna Marlin,Female,14,676 743 2758,dmarlind2@ezinearticles.com
95-2242535,Xena Popland,Female,13,899 713 4723,xpoplandd3@amazon.co.jp
67-3966486,Hayward Gallemore,Male,7,192 474 4247,hgallemored4@spotify.com
56-2567173,Mallory Gaines,Male,1,766 384 3381,mgainesd5@craigslist.org
80-5310578,Abbie Stollberg,Female,12,505 876 6090,astollbergd6@reverbnation.com
99-2604049,Jolyn Attew,Female,8,374 192 4321,jattewd7@hhs.gov
18-3079335,Shaina Domerq,Female,5,,sdomerqd8@slate.com
75-2678688,Ulick Keyworth,Male,12,688 632 4962,
16-9309669,Kayle Itschakov,Female,8,305 164 1177,kitschakovda@live.com
94-5451056,Alix de Tocqueville,Male,13,351 608 2262,adedb@si.edu
45-0425366,Demeter Handrick,Female,6,990 848 3954,
54-8398321,Gavrielle Beel,Female,3,881 945 4484,gbeeldd@lulu.com
82-1543337,Hamid Fothergill,Male,14,614 555 6999,hfothergillde@vistaprint.com
39-0101639,Arthur Burburough,Male,15,945 236 6366,aburburoughdf@alibaba.com
85-4393377,Ebony Leeder,Female,4,566 721 2109,eleederdg@themeforest.net
08-9294792,Giacobo Tilley,Male,11,218 892 9574,
99-6536625,Cullin Brisseau,Male,9,376 133 0300,cbrisseaudi@examiner.com
30-6917611,Findley Serrell,,2,407 706 1208,fserrelldj@live.com
33-4060883,Rem Hammerman,Male,2,572 537 4795,rhammermandk@posterous.com
25-8855745,Chrissie Echallier,Male,15,629 761 7508,cechallierdl@amazon.com
42-8521047,Bengt Nairne,Male,7,263 712 5551,bnairnedm@mlb.com
01-4886487,Kristin Strafen,Female,8,781 589 8708,kstrafendn@mapy.cz
19-3271197,Liane Crew,Female,9,,lcrewdo@bigcartel.com
54-8406665,Jeannette Weitzel,Female,6,822 696 2910,jweitzeldp@smugmug.com
39-7470518,Panchito Hosier,Polygender,4,174 810 7670,phosierdq@e-recht24.de
90-2230001,Prescott Perigeaux,Male,3,293 705 0788,
48-6933330,Lennie Dobney,Male,6,595 896 9788,ldobneyds@apache.org
63-3235732,Annadiana Spieck,Female,12,656 591 0548,aspieckdt@bravesites.com
53-8030937,Roanne Crone,Female,10,555 186 7779,rcronedu@hibu.com
84-4939522,Magdalena Quilter,Female,15,,mquilterdv@google.com.hk
51-8248874,Anett Arckoll,Female,12,651 895 8731,aarckolldw@eventbrite.com
36-4100572,Liz Feander,Female,15,,lfeanderdx@godaddy.com
38-8335270,Fayina Bremen,Female,15,793 356 9514,fbremendy@wisc.edu
35-1943223,Willabella Knolles-Green,,5,498 595 0289,wknollesgreendz@eepurl.com
36-2583660,Indira Lang,Female,13,920 584 6454,ilange0@cdc.gov
32-2188583,Lief Slyme,Male,2,614 747 0450,lslymee1@mapquest.com
22-5282296,Spike Sutheran,Male,5,543 985 4741,ssutherane2@disqus.com
04-3356316,Edi Smidmor,Female,11,687 365 9367,esmidmore3@simplemachines.org
25-2698559,Billie Chadderton,Bigender,14,272 435 0406,bchaddertone4@domainmarket.com
18-5963281,Natal Uridge,Male,14,,nuridgee5@fc2.com
62-8426576,Happy Romanin,Agender,4,405 954 7716,hromanine6@mapquest.com
72-4374649,Con Emberton,Female,11,571 489 8917,
71-6271718,Guthrey Caney,Male,5,524 152 4888,gcaneye8@washington.edu
85-1219899,Annette Ickowics,Female,7,587 427 6788,aickowicse9@indiegogo.com
50-4276053,Brigham Fenge,Male,5,594 858 4618,bfengeea@pbs.org
37-9808228,Jamima Windley,Genderqueer,12,516 366 3222,
76-4495650,Wallace Dufton,Male,10,622 281 7274,wduftonec@angelfire.com
20-2214044,Sky Searby,Male,12,388 471 2894,ssearbyed@joomla.org
13-7608560,Ernest Arnaudi,Male,8,643 993 5500,earnaudiee@woothemes.com
43-3367750,Lilla Curee,Genderfluid,9,,lcureeef@cam.ac.uk
01-3966944,Killie Male,Male,1,991 200 2713,kmaleeg@netscape.com
71-5167971,Irvine Marle,Male,2,747 271 7577,imarleeh@buzzfeed.com
72-9277682,Jsandye Lambell,Female,15,,jlambellei@sogou.com
00-2244506,Arlana Birdfield,Female,9,831 926 8958,abirdfieldej@addthis.com
68-6282507,Inigo Vise,,3,120 241 3593,
40-0902553,Cynthy Warrell,Female,6,887 522 7385,
45-7170247,Welsh Bissex,Non-binary,3,598 921 0605,wbissexem@wsj.com
58-4656416,Remus Slimming,Male,12,179 123 0275,rslimmingen@zimbio.com
25-2383662,Yule Whiteson,Male,3,229 738 2293,ywhitesoneo@gov.uk
42-0384772,Dalis Corkhill,Male,11,649 419 1671,dcorkhillep@hubpages.com
54-4153359,Erna Glawsop,Female,13,547 670 1340,eglawsopeq@foxnews.com
85-6196957,Arin Buggs,Male,1,539 162 9633,abuggser@webs.com
75-0818770,Sal Sharville,Male,14,403 755 1969,ssharvillees@sphinn.com
57-8022874,Gardener Courvert,Male,5,381 187 4044,gcourvertet@wisc.edu
38-8963958,Noel Vallentin,Female,3,146 998 6255,nvallentineu@hatena.ne.jp
91-6662805,Kari Trippett,Female,12,531 620 0240,ktrippettev@acquirethisname.com
93-3588187,Birdie Emerine,Female,4,581 579 1567,bemerineew@tamu.edu
04-8945716,Falito Coast,Male,13,466 176 3122,fcoastex@reference.com
94-6322477,Napoleon Oakhill,Genderqueer,11,439 552 8743,noakhilley@ed.gov
26-5189342,Pavel Esby,Male,6,626 675 6718,pesbyez@nationalgeographic.com
36-0200025,Katina Ausello,Female,9,948 113 3090,kausellof0@google.com.br
51-7025480,Brynna De Malchar,Female,11,839 662 8993,bdef1@google.it
59-7323254,Raff McAlees,Male,13,115 261 2665,rmcaleesf2@arstechnica.com
87-7925240,Roma Crummy,Male,10,414 716 3223,rcrummyf3@privacy.gov.au
18-3149843,Gleda Prigg,Female,6,150 864 3046,gpriggf4@exblog.jp
14-1191787,Salvador Winning,Male,14,366 430 6219,swinningf5@last.fm
41-3540331,Augie Guidera,Male,1,869 591 3812,aguideraf6@state.gov
23-6490725,Andrej Pantone,Male,5,,apantonef7@uol.com.br
78-0600076,Donnell Hedworth,Male,12,,
48-4465973,Hanan Welds,Male,4,458 501 4667,hweldsf9@icq.com
81-6748315,Mathian Baldwin,Male,9,957 643 3687,mbaldwinfa@mozilla.com
94-9972759,Cassie Moses,Female,4,405 361 1073,cmosesfb@51.la
81-6573896,Kerr Simoncelli,Male,4,961 311 5005,ksimoncellifc@dyndns.org
32-3878569,Larisa O'Dwyer,Female,15,477 421 2895,lodwyerfd@soup.io
51-0711704,Bertram Libri,Male,4,835 516 0208,blibrife@house.gov
30-3185111,Shadow Dannell,Male,15,411 901 9586,sdannellff@goo.gl
88-2652051,Harlen Esche,Male,12,635 423 5090,heschefg@sakura.ne.jp
88-1510208,Carolan Kleinsinger,Female,2,933 537 0892,ckleinsingerfh@wikipedia.org
00-0837799,Marieann Lehrahan,Female,14,691 988 5631,mlehrahanfi@people.com.cn
84-1953173,Dorice Roark,Female,11,439 726 6625,droarkfj@google.cn
82-1380909,Francene Pendle,Female,10,939 899 9172,fpendlefk@nydailynews.com
84-0092099,Linoel Teese,Male,14,419 242 4448,lteesefl@paginegialle.it
37-7397965,Wash Blakely,Male,11,794 682 9538,wblakelyfm@tuttocitta.it
58-0655341,Auria Bradnock,Female,4,971 350 5563,
92-1942785,Morganica Joscelin,Female,3,584 758 9235,mjoscelinfo@npr.org
14-8244577,Budd Madner,,15,953 380 7329,bmadnerfp@hibu.com
27-0380704,Monroe Harbord,Male,6,374 585 0227,mharbordfq@webeden.co.uk
38-6799021,Burton Frantsev,Male,15,317 229 9322,bfrantsevfr@harvard.edu
78-1120049,Gerrilee Bettis,Polygender,12,705 545 6535,gbettisfs@i2i.jp
20-7731214,Pam O'Cannan,Female,4,996 879 9315,
52-0508753,Lorine Plumstead,Female,15,830 986 3148,lplumsteadfu@ox.ac.uk
98-5235901,Cliff Sidgwick,Non-binary,3,,csidgwickfv@archive.org
95-2081986,Shirleen Poulglais,Female,13,226 200 3453,spoulglaisfw@tumblr.com
00-7528705,Cristal Gould,Female,6,,cgouldfx@dot.gov
91-2814630,Astrix Knutton,Female,5,898 784 7906,aknuttonfy@reddit.com
07-4924241,Bram Bagby,Male,9,386 462 9523,bbagbyfz@godaddy.com
51-1764217,Ivar Shakspeare,Male,6,,ishakspeareg0@github.io
17-8991735,Peyter Bim,Male,8,916 163 4215,pbimg1@cisco.com
78-5543040,Travers Wharin,Male,7,795 583 5056,twharing2@ustream.tv
49-3906371,Christophorus Syalvester,Male,3,351 244 3994,csyalvesterg3@163.com
32-0034927,Earvin Rubbens,Male,6,708 181 7458,erubbensg4@msu.edu
00-7139450,Boigie Hellcat,Male,11,500 524 0303,bhellcatg5@un.org
50-9729472,Salomone Swane,Male,8,,sswaneg6@studiopress.com
94-7902937,Kiel MacCahee,Male,6,724 302 8982,kmaccaheeg7@ameblo.jp
26-0940475,Reina Swetman,Female,13,735 442 6489,rswetmang8@admin.ch
63-1315173,Margarette Elmore,Female,4,,melmoreg9@networksolutions.com
27-4299268,Noelle Rycroft,Female,4,272 307 2596,
01-4008943,Dionne Haydney,Female,1,,dhaydneygb@icq.com
03-3554674,Marlena McGillivray,,10,589 616 5910,mmcgillivraygc@nydailynews.com
16-7388639,Eveleen Dinnies,Female,15,280 339 0491,edinniesgd@abc.net.au
54-9435631,Cecilio Cahn,Agender,2,671 217 6455,ccahnge@wp.com
54-2568511,Shana Kesby,Polygender,15,373 314 6265,
17-6164022,Jonah Ferron,,9,852 893 4127,jferrongg@theguardian.com
98-2090602,Conway Duncanson,Male,11,952 828 2876,cduncansongh@jiathis.com
62-4678978,Lorens Maffi,Male,5,633 568 4022,lmaffigi@ning.com
43-2100859,Devina Casotti,Genderfluid,8,352 136 8488,dcasottigj@sbwire.com
67-2770802,Hakim Adlem,Male,13,635 937 0235,hadlemgk@technorati.com
58-5128712,Ruggiero Edgington,Male,15,912 381 7551,redgingtongl@netscape.com
88-4960764,Cathlene Sewell,Female,5,507 907 8487,csewellgm@free.fr
17-1349912,El Redolfi,Male,2,488 291 6426,eredolfign@reuters.com
78-0087117,Jolene Alliberton,Female,15,944 380 0010,jallibertongo@skyrock.com
41-3164033,Avril Bellis,Genderqueer,4,774 894 4671,abellisgp@businessweek.com
01-4899160,Rebe Burhouse,Female,8,974 495 2211,rburhousegq@privacy.gov.au
79-6925058,Hollis Durtnel,Male,2,142 826 7691,hdurtnelgr@baidu.com
93-5271111,Ewell Swindley,Male,7,998 497 2751,
00-6621896,Korrie Hay,Female,3,131 599 7569,khaygt@columbia.edu
83-5597268,Leighton Pinxton,Male,14,,lpinxtongu@un.org
15-4020795,Elwira Wolstenholme,,9,796 809 5336,ewolstenholmegv@amazon.com
95-1409340,Cliff Giacobbo,Male,2,,cgiacobbogw@tinyurl.com
32-4932476,Aura Cranmer,Female,6,507 672 2243,acranmergx@harvard.edu
69-7154674,Winnifred Matussevich,Female,5,774 702 3226,wmatussevichgy@meetup.com
91-7065292,Evangelina Jankovic,Female,3,403 436 2420,ejankovicgz@va.gov
71-3729447,Ammamaria Karolowski,Female,11,701 273 1673,akarolowskih0@state.tx.us
47-8800170,Davidson Kundert,Male,8,,dkunderth1@uiuc.edu
84-5178962,Mortimer O'Lagen,Male,12,,molagenh2@constantcontact.com
51-3798349,Klemens Harkness,Male,2,949 207 2918,kharknessh3@comcast.net
09-5174564,Lara Piatek,Female,2,615 294 1624,lpiatekh4@virginia.edu
00-5130002,Tully Hornung,Male,7,289 316 2812,thornungh5@prnewswire.com
67-9161810,Trina Beardon,Female,2,548 292 8019,tbeardonh6@pcworld.com
72-3588210,Vasily Hatter,Male,3,472 887 2296,vhatterh7@github.io
87-9178082,Les Severn,Male,11,889 644 8117,lsevernh8@1688.com
32-5120366,Maryjane Backson,Female,8,874 133 8567,mbacksonh9@163.com
31-0006105,Shermy Biaggioli,Male,13,483 845 1439,sbiaggioliha@nature.com
41-6804446,Tan Cogar,Male,11,565 791 7303,tcogarhb@wired.com
20-7338663,Lauretta Scally,Non-binary,11,,lscallyhc@ihg.com
46-9681974,Charmaine Beautyman,Female,8,170 741 7785,
65-5363043,Niki Darco,Female,10,,ndarcohe@economist.com
29-5591113,Dredi Leathes,Female,11,651 261 3236,
26-3077118,Anett Kikke,Bigender,14,894 960 9569,akikkehg@posterous.com
60-5906613,Amalia Stewart,Female,8,987 403 7823,astewarthh@soundcloud.com
41-1497182,Alejoa Tinman,Male,5,572 851 7093,atinmanhi@hugedomains.com
10-9945194,Kathrine Brookesbie,Female,7,,
07-8761871,Georgine De Michetti,Female,3,801 331 9325,gdehk@biglobe.ne.jp
41-4111821,Annamarie Werendell,Non-binary,14,964 301 4142,awerendellhl@opensource.org
13-6349413,Alvie Punter,Male,6,605 250 1954,apunterhm@hexun.com
40-0569769,Shaylynn Forber,Female,10,573 493 6023,sforberhn@imageshack.us
20-3345860,Ida McCarney,Female,4,383 760 6640,imccarneyho@huffingtonpost.com
25-0925992,Hillary Lardner,Female,15,803 644 1824,hlardnerhp@istockphoto.com
15-6161244,Sandie Jarrette,Agender,15,379 844 8880,sjarrettehq@abc.net.au
29-2815624,Bronnie Spurriar,Male,12,,bspurriarhr@adobe.com
05-4228094,Jacquelynn Vinsen,Genderqueer,11,823 895 5297,jvinsenhs@github.com
91-5550000,Huey Grantham,,11,201 424 1784,hgranthamht@bing.com
40-1397598,Tim Elstow,Female,13,596 392 8571,telstowhu@census.gov
58-2494987,Liuka Fenlon,Female,14,785 794 9736,lfenlonhv@g.co
96-4325218,Hugh Murrthum,Male,12,441 516 0536,hmurrthumhw@amazon.co.jp
37-1724898,Riordan Pellman,Bigender,11,643 898 0467,rpellmanhx@noaa.gov
65-0472580,Louie McGuirk,Agender,1,163 771 6253,lmcguirkhy@ameblo.jp
15-2656349,Dwight Greenroa,Male,7,300 978 7878,dgreenroahz@g.co
68-6808065,Maire Halpeine,Female,1,789 192 6823,mhalpeinei0@timesonline.co.uk
45-0155014,Robbyn Spedroni,Female,15,763 163 8173,rspedronii1@blogs.com
96-8555038,Annette Splevin,Female,12,,asplevini2@flavors.me
04-0648426,Marie Duff,Female,12,816 276 4385,mduffi3@instagram.com
33-3839875,Zeb Bladen,Male,7,804 841 3495,zbladeni4@pagesperso-orange.fr
30-2321128,Harriett Throssell,Female,3,956 137 0816,hthrosselli5@bizjournals.com
94-4955025,Shepperd Wilbud,Male,8,,
18-1962945,Meier Enderle,Genderqueer,3,901 884 1397,menderlei7@jimdo.com
23-5049632,Koressa Losseljong,Female,6,505 469 0437,klosseljongi8@freewebs.com
25-1257672,Eustacia Petracchi,Female,3,647 705 5023,epetracchii9@furl.net
37-9084886,Andrus Else,Male,12,641 350 1272,aelseia@unesco.org
89-7529660,Garvy Brierley,Male,9,689 959 3954,
69-6401480,Brew Jimson,Male,2,867 940 6434,bjimsonic@squarespace.com
44-2736509,Boothe Perrott,Male,12,629 537 0934,bperrottid@prnewswire.com
00-0412879,Tabby Carff,,14,235 527 9614,tcarffie@elpais.com
92-5044709,Waldemar Housegoe,Male,14,916 423 5449,whousegoeif@archive.org
11-3974333,Pris Spennock,Female,7,676 608 1996,pspennockig@soup.io
04-4875783,Onida Dytham,Female,7,,odythamih@redcross.org
02-1603610,Elisabeth Dosdell,Female,11,647 892 2940,edosdellii@shutterfly.com
67-7526034,Audrey Arch,Female,1,696 755 9460,aarchij@ycombinator.com
16-0411649,Ainslee Leal,Female,2,309 991 0624,alealik@archive.org
96-6821546,Batholomew Ellerbeck,Male,8,385 120 0479,bellerbeckil@aol.com
08-8119230,Chalmers De Avenell,Male,12,,cdeim@github.io
24-0810063,Agna Jimmison,Female,14,,ajimmisonin@purevolume.com
06-8999057,Courtney Stailey,Male,14,908 264 7007,cstaileyio@typepad.com
04-3566365,Ring McSparran,Genderqueer,5,575 218 4809,rmcsparranip@google.pl
41-4651196,Emile Huguet,Male,12,611 738 9665,ehuguetiq@ovh.net
96-8464390,Fanni Melody,Female,15,757 390 8460,
36-3660139,Thia Kellington,Female,12,,tkellingtonis@dell.com
05-2168851,Paddy Trounson,Male,14,859 612 2969,ptrounsonit@wikipedia.org
33-6253228,Gabbey Daw,Female,8,733 161 1641,gdawiu@ftc.gov
78-7988241,Ferdinanda Solesbury,Female,2,,fsolesburyiv@hugedomains.com
45-6697629,Udall Reinhard,Male,10,191 516 6189,ureinhardiw@acquirethisname.com
97-5051183,Krista Cubbit,Female,6,661 485 7893,kcubbitix@weibo.com
67-5298398,Symon Dryden,Male,9,218 800 1611,sdrydeniy@aol.com
19-0578673,Virginia Fothergill,Female,4,212 999 4506,vfothergilliz@mayoclinic.com
69-3847629,Victoir Valler,Male,11,811 507 9940,vvallerj0@bravesites.com
28-0005701,Nicolais Bandey,Male,1,230 910 9648,nbandeyj1@ucla.edu
30-1726963,Elston Dixie,Agender,5,445 633 0849,edixiej2@wunderground.com
29-4031686,Obidiah Yeeles,Male,2,843 192 6354,oyeelesj3@odnoklassniki.ru
20-5082177,Alfons Dorey,Male,15,148 140 4416,adoreyj4@who.int
63-4139304,Christiana Brayshaw,Female,8,702 460 9670,cbrayshawj5@gov.uk
57-0014875,Archambault Kinchley,Male,14,167 690 9798,akinchleyj6@miibeian.gov.cn
60-5984638,Cass Gunderson,Female,15,515 931 3650,cgundersonj7@de.vu
55-0298530,Lonni Wyon,Female,14,245 927 5867,lwyonj8@elpais.com
94-9886430,Ailbert Grayshan,Male,9,443 260 7339,agrayshanj9@github.com
34-0286009,Nickola Tilliard,Male,13,715 738 8476,ntilliardja@si.edu
92-9162982,Marjorie Ruane,Female,10,721 712 0040,mruanejb@multiply.com
35-2163831,Joby Burdass,Female,10,821 632 1916,
15-4395976,Pauly Talby,Male,6,557 783 8822,ptalbyjd@opensource.org
76-2601260,Seth Mallion,Male,15,900 407 3942,smallionje@google.co.jp
33-5953788,Alvis Scantleberry,Male,15,985 589 2360,ascantleberryjf@angelfire.com
21-3256838,Boycey Seyffert,Male,7,956 540 2550,bseyffertjg@redcross.org
54-3115064,Henderson Bassingham,Genderqueer,1,592 525 4407,hbassinghamjh@nature.com
84-2408756,Aidan Falkinder,Polygender,13,814 511 3709,afalkinderji@wix.com
63-2844179,Cherlyn Kropach,Female,6,381 181 7076,ckropachjj@eepurl.com
65-9369128,Jermayne Stigers,Male,2,571 465 3432,jstigersjk@gizmodo.com
36-3934052,Clay Phizakarley,Male,8,550 139 8446,cphizakarleyjl@gravatar.com
78-0864153,Dorelle Madison,Female,5,466 792 8475,dmadisonjm@geocities.com
93-5637736,Cosme Duell,Male,1,915 401 4503,cduelljn@craigslist.org
88-7848539,Karlan Stroder,Male,15,,kstroderjo@tinypic.com
59-8021647,Tonya Spiby,Female,1,405 986 6002,tspibyjp@bloglovin.com
34-0038723,Maximilian Kasbye,Male,9,,mkasbyejq@i2i.jp
51-2566095,Elli Quinnet,Non-binary,12,962 119 5798,equinnetjr@utexas.edu
56-6250745,Ronna Skerme,Female,2,926 679 5216,rskermejs@marriott.com
14-0261510,Leora McLurg,Female,9,395 260 6103,lmclurgjt@forbes.com
65-0372645,Isador Nobriga,Male,3,465 976 0998,inobrigaju@exblog.jp
56-3479910,Alvy Billyard,,2,824 270 3015,
43-8756991,Darrin Farden,Male,3,359 310 0720,dfardenjw@dion.ne.jp
32-0852133,Harrison Willshear,Male,13,302 778 6745,hwillshearjx@live.com
21-5080528,Richart Bywaters,Male,7,848 594 8097,rbywatersjy@wikimedia.org
23-4270134,Sile Bon,Female,14,613 913 9607,sbonjz@biblegateway.com
67-4847608,Charley Soughton,Male,5,161 438 7493,
17-8551638,Alayne Gerber,Female,2,273 980 0666,agerberk1@gizmodo.com
83-7506104,Tom Hutcheson,Male,9,882 647 6458,thutchesonk2@vinaora.com
36-9002794,Cosimo Horche,Male,15,763 343 0127,chorchek3@oracle.com
29-0367745,Josie Vlahos,Female,13,117 542 0068,jvlahosk4@youku.com
85-0511762,Rosanna Murdoch,Female,3,788 426 1056,rmurdochk5@digg.com
81-7566734,Jessika Dilawey,Genderqueer,4,375 433 9112,jdilaweyk6@cnbc.com
05-6339015,Ursuline Djokovic,Female,7,512 818 1351,udjokovick7@yelp.com
52-6481234,Nicki Crier,Female,12,132 994 4640,ncrierk8@squidoo.com
89-7564286,Fawnia Bene,Female,7,464 744 8706,fbenek9@google.ru
20-9776619,Carl McCane,Male,6,724 239 4527,cmccaneka@theguardian.com
55-1866091,Walther Pettican,Male,1,700 938 9234,wpetticankb@woothemes.com
82-6008336,Deni Conman,Female,4,220 120 7892,dconmankc@salon.com
38-5566271,Fae Llewhellin,Female,6,,
12-8975814,Dacey Arpino,Non-binary,11,594 541 3500,darpinoke@youtu.be
64-7377799,Livvyy Fynn,Female,7,920 545 3642,lfynnkf@furl.net
40-6544387,Ganny Bazell,Male,13,490 703 2135,gbazellkg@howstuffworks.com
79-6038777,Almire Casey,Female,5,199 363 8072,acaseykh@mayoclinic.com
86-9669119,Charlie Mustarde,Male,4,497 367 8634,cmustardeki@domainmarket.com
43-7387011,Sydel Shawyers,Female,3,559 376 8122,sshawyerskj@eepurl.com
26-3371442,Zuzana Scaddon,Female,2,724 388 5580,zscaddonkk@usa.gov
75-9563946,Odille Braunthal,Female,7,171 968 2733,obraunthalkl@apache.org
36-7917813,Zonnya Westmorland,Female,14,320 294 1789,
12-8611450,Rheta Greene,Female,3,411 170 3782,rgreenekn@devhub.com
24-5768202,Nikolos Sanbrooke,Male,8,601 581 3698,nsanbrookeko@marketwatch.com
78-3124972,Jarrett Garnham,Male,13,462 729 0143,jgarnhamkp@deviantart.com
97-4567819,Sunny Horrod,Female,2,304 142 6225,shorrodkq@people.com.cn
35-7639187,Travus Rhoades,,2,480 416 3655,trhoadeskr@mapquest.com
02-5873505,Vinny Gatenby,Female,1,888 202 9297,vgatenbyks@wikia.com
85-1877357,Janeva Nequest,,9,378 692 9272,jnequestkt@amazon.co.uk
37-1171428,Petronille Copcott,Female,7,,pcopcottku@dailymotion.com
35-0873837,Mirabelle Surgeoner,Female,9,903 207 6974,msurgeonerkv@time.com
18-6529977,Horst Mitchiner,Male,1,461 465 7251,hmitchinerkw@etsy.com
44-1675115,Levey Klosa,Male,5,675 887 5943,lklosakx@cargocollective.com
26-1772082,Kearney Cristofaro,Male,15,369 626 1252,kcristofaroky@xrea.com
64-6290719,Wake Lockner,Male,4,535 481 4488,wlocknerkz@usnews.com
39-1687429,Brit Oldknow,Genderqueer,12,104 256 2609,boldknowl0@intel.com
44-7178790,Luce Lindbergh,Female,3,,llindberghl1@technorati.com
02-1040916,Carlene Elstow,Female,11,768 504 3845,celstowl2@rediff.com
,,Female,,254 827 5399,pdelacotel3@free.fr
29-5909047,Abbey McNelis,Female,15,544 881 4874,amcnelisl4@netlog.com
63-3036269,Selia Joint,Female,5,,sjointl5@princeton.edu
23-5389396,Pail Wane,Male,5,,pwanel6@theglobeandmail.com
84-2003526,Michelle Shimmings,Female,4,811 453 5818,mshimmingsl7@etsy.com
37-0091834,Griffy Winder,Male,10,990 372 6571,gwinderl8@ning.com
42-3488611,Esme Ramelot,Male,14,578 636 5080,eramelotl9@wikipedia.org
51-8900861,Marylynne Pummell,Female,10,633 505 8835,mpummellla@dropbox.com
02-5285338,Shanie Wisson,Female,2,,swissonlb@cloudflare.com
50-3758614,Miner Dimmick,Male,14,859 417 0128,
97-5723025,Stanislaw Wisniowski,Male,12,391 950 5096,swisniowskild@tamu.edu
95-2582769,Corty Symmers,Male,14,677 815 4956,csymmersle@cbslocal.com
81-3941795,Kathe Malyan,,3,725 798 4574,kmalyanlf@cocolog-nifty.com
42-9655752,Abbot Cecely,Male,9,998 670 5120,acecelylg@wunderground.com
96-5415054,Tracy Dawson,Male,6,167 407 2308,tdawsonlh@techcrunch.com
17-5758700,Birk Whitemarsh,Non-binary,7,123 775 2706,bwhitemarshli@paginegialle.it
04-5280720,Geno Porker,Male,5,158 974 7276,gporkerlj@theatlantic.com
76-5650473,Meryl Alfwy,,3,383 111 7732,malfwylk@noaa.gov
89-0777075,Lonna Esome,Female,1,264 142 2554,lesomell@lulu.com
93-8041499,Brinna Geertz,Genderqueer,3,290 307 2538,bgeertzlm@economist.com
52-4162402,Hermy Teasey,Male,3,174 612 7902,
82-1871770,Brandie Pinching,Bigender,8,,bpinchinglo@bloomberg.com
78-8667664,Angus Dranfield,Male,4,770 561 3920,adranfieldlp@simplemachines.org
81-1551177,Lewie Caesar,Male,12,911 795 6896,lcaesarlq@nyu.edu
21-0606590,Alys Dunford,Female,12,,
,,Male,,225 133 9231,jsmidmorls@nature.com
38-2381616,Monte Collick,Male,2,995 286 3883,mcollicklt@wikia.com
00-3641916,Woodman Gilfoy,Male,11,159 777 0704,wgilfoylu@tinypic.com
21-2188110,Garold Meharg,Agender,14,401 142 4590,gmeharglv@ovh.net
91-8744237,Rosy Trimming,Female,9,912 869 5473,rtrimminglw@cmu.edu
10-5958029,Sigismondo Clohissy,,10,140 976 5433,sclohissylx@newyorker.com
12-2662090,Megan Heakey,Female,15,527 894 9383,mheakeyly@fda.gov
34-2183306,Jillian Weiss,Female,8,155 125 1972,jweisslz@nasa.gov
93-7423757,Dolf Andreas,Male,4,422 426 9282,dandreasm0@ft.com
,,Male,,594 686 9327,csteinerm1@sfgate.com
87-7977665,Yevette Cosson,Female,12,423 815 2883,ycossonm2@mozilla.org
25-7416182,Loretta Ovey,Female,14,591 561 8557,loveym3@mozilla.com
85-2331017,Rodd Gavrielly,Male,15,843 531 8236,rgavriellym4@businessweek.com
67-5072331,Geoffrey Warwick,Male,13,364 790 3098,gwarwickm5@boston.com
47-9132703,Bert Sherington,Female,8,266 186 0781,bsheringtonm6@exblog.jp
61-5797049,Leesa Luquet,Female,10,186 862 2921,lluquetm7@yellowpages.com
65-6107635,Romeo Morot,Male,12,785 704 6352,rmorotm8@goo.ne.jp
61-1760639,Tris Cowley,Male,3,,tcowleym9@webeden.co.uk
56-0164845,Norine Munnery,Female,1,605 445 8852,nmunneryma@yellowbook.com
55-8419316,Ottilie Adamthwaite,Female,11,118 671 9008,oadamthwaitemb@barnesandnoble.com
86-8753162,Ignacius Hallwood,,13,463 704 8987,ihallwoodmc@ameblo.jp
88-3232079,Hymie Exon,Male,11,,hexonmd@google.cn
56-9670773,Cathi Martignoni,Female,6,604 806 4683,cmartignonime@cmu.edu
90-6963127,Chelsae Franzonetti,Female,15,327 378 2626,cfranzonettimf@yolasite.com
54-4412283,Rriocard Dupey,Male,14,513 630 1571,rdupeymg@businesswire.com
85-6219886,Reginauld Saffe,Non-binary,12,886 802 5754,rsaffemh@theguardian.com
62-0520131,See Stallon,Male,10,145 271 2510,sstallonmi@blinklist.com
66-0585025,Sandy Fulstow,Female,4,797 621 2011,sfulstowmj@goodreads.com
83-4770021,Gideon Collens,Male,2,307 417 0004,gcollensmk@army.mil
44-2670318,Arthur Thoresbie,Male,10,451 273 9938,athoresbieml@qq.com
28-8052008,Durand Grisenthwaite,Genderfluid,11,955 426 4082,dgrisenthwaitemm@macromedia.com
80-5811089,Becka Oake,Female,9,,boakemn@toplist.cz
71-5115058,Forbes Mulgrew,Non-binary,5,319 982 9241,fmulgrewmo@mlb.com
63-0644192,Dal Sagrott,Male,9,584 871 3749,dsagrottmp@soup.io
31-3760895,Raddy Costellow,Male,11,944 375 7429,rcostellowmq@infoseek.co.jp
86-6450766,Juliane Ellsbury,,1,856 561 1237,jellsburymr@goo.gl
53-6033473,Bette Guidone,Female,11,351 350 5870,bguidonems@wp.com
42-6650145,Ellery Wateridge,Genderfluid,9,848 711 3757,ewateridgemt@engadget.com
91-3108946,Chalmers Hlavecek,Male,8,484 987 6747,chlavecekmu@cisco.com
43-2502973,Grover Kezourec,Male,5,,gkezourecmv@wisc.edu
26-1068125,Rheta Abella,Female,1,203 364 0555,
82-4291135,Steffie Greenrodd,Female,9,775 381 0396,sgreenroddmx@pinterest.com
65-0092660,Petronella Ganter,Female,9,553 460 7889,pgantermy@nytimes.com
08-6468647,Mariette Kolak,Polygender,13,913 798 8215,mkolakmz@exblog.jp
75-5763192,Fanechka Jeyness,Female,8,688 508 1765,fjeynessn0@cdbaby.com
01-9815516,Dorothea Line,Female,11,309 688 7997,dlinen1@google.es
87-2660494,Theda Phillcox,Female,9,420 587 2301,tphillcoxn2@aboutads.info
86-8370286,Lishe Blandamore,Female,8,568 503 1961,lblandamoren3@github.com
93-9055654,Doroteya Darlaston,Female,12,,ddarlastonn4@harvard.edu
10-9728314,Lefty Lavallin,Male,2,820 199 7699,llavallinn5@clickbank.net
40-0819071,Frances Liverock,Female,1,752 262 9296,fliverockn6@nationalgeographic.com
28-3710457,Emlynn Ciciura,Female,12,628 327 2343,eciciuran7@homestead.com
09-5401130,Christian Rose,Male,10,930 774 0447,crosen8@cbslocal.com
15-8574241,Jackquelin Loveard,Female,12,202 672 4349,jloveardn9@myspace.com
82-4006203,Andrew Moyse,Male,9,399 193 1212,amoysena@pagesperso-orange.fr
26-1141562,Ferne Shewery,Female,7,145 495 7493,fshewerynb@hatena.ne.jp
47-5589506,Siffre Grewar,Male,4,,sgrewarnc@arstechnica.com
01-4445964,Loria Roper,Polygender,10,854 805 5491,lropernd@angelfire.com
47-9967700,Stefan Manz,Male,10,123 632 4742,smanzne@census.gov
96-6090018,Coop Pallaske,Male,5,,cpallaskenf@naver.com
30-5490004,Lance Dowles,Male,12,367 383 6798,ldowlesng@smugmug.com
59-5093344,Carmen Kirvin,Female,7,771 837 7011,ckirvinnh@discovery.com
35-1882096,Ive Bengtson,Male,2,257 246 8025,ibengtsonni@amazon.com
29-0045679,Caye Dawe,Female,14,540 126 9271,cdawenj@skype.com
36-5519665,Niven Haslum,Male,9,918 965 8883,nhaslumnk@va.gov
38-1424217,Homere Evesque,,1,768 904 5391,
34-1986864,Hersh Goodger,Male,4,515 898 6711,hgoodgernm@booking.com
82-5547181,Renaud Lyburn,Male,12,622 760 0024,rlyburnnn@google.it
01-8142811,Cully Cota,Male,9,867 937 3114,ccotano@indiegogo.com
17-8001601,Sergio Prosser,Male,9,834 840 0374,sprossernp@1688.com
55-6155035,Lezley Janos,Male,1,709 869 3589,ljanosnq@biglobe.ne.jp
85-8708775,Phebe Paddell,Female,4,605 718 5496,
74-7261098,Gail Symms,Male,2,,
27-3737476,Cleon Checkley,Male,2,467 880 3222,ccheckleynt@netvibes.com
49-1908052,Zara Braithwaite,Female,6,920 280 3777,zbraithwaitenu@4shared.com
78-3721018,Archibaldo Kittle,Male,14,588 762 4838,akittlenv@friendfeed.com
40-0183883,Roslyn Peaker,Female,12,809 266 6932,rpeakernw@omniture.com
80-8940953,Daryle Catterill,Male,1,821 845 7344,dcatterillnx@blogspot.com
51-5720731,Bobbi Jailler,Female,12,563 525 8472,bjaillerny@wordpress.com
07-9835562,Corabelle Trundle,Female,7,733 273 4317,ctrundlenz@hostgator.com
12-8853666,Ailbert Battrum,Male,1,310 827 2932,
86-8384656,Elton Matskiv,Male,12,577 880 6894,ematskivo1@drupal.org
46-3154115,Faunie Botterman,Female,9,140 876 5744,fbottermano2@harvard.edu
71-5212891,Tana Caslane,Female,10,570 723 6352,tcaslaneo3@goodreads.com
63-0865461,Torr Pedron,Male,14,549 234 0448,tpedrono4@163.com
62-6026389,Aloin McKeand,Male,13,115 846 3096,amckeando5@istockphoto.com
84-1748342,Alfi Iacopini,Female,11,450 732 1063,aiacopinio6@census.gov
49-0875176,Michaelina Boundey,Female,5,606 366 3886,mboundeyo7@devhub.com
24-2800177,Niall Marrable,Male,4,750 433 3149,nmarrableo8@theglobeandmail.com
47-7486947,Jacquetta Norwell,Female,3,579 267 0371,jnorwello9@go.com
49-2669477,Florette Hanbridge,Female,9,,fhanbridgeoa@globo.com
90-8154845,Biron Matzaitis,Male,13,801 237 6811,
24-3212046,Easter Brucker,Female,6,256 836 8055,
50-5393474,Goldy Frank,Female,9,848 305 8519,gfrankod@elegantthemes.com
50-7316940,Mada Eicke,Bigender,12,247 255 7707,meickeoe@bizjournals.com
32-0271953,Morse Yakubowicz,Male,8,267 553 5528,myakubowiczof@cam.ac.uk
43-4740542,Joellyn Quinton,Female,10,,jquintonog@addtoany.com
13-4957854,Jimmie Reynoldson,Male,12,187 686 5732,jreynoldsonoh@geocities.com
05-6198137,Flint Nerger,Male,13,515 582 2523,fnergeroi@canalblog.com
05-6040922,Haskel Vaughan,Genderqueer,14,966 736 1285,hvaughanoj@gizmodo.com
66-2018522,Woodie Freiburger,,6,636 590 7482,wfreiburgerok@noaa.gov
30-6338507,Truman Clemson,Male,15,655 402 1142,tclemsonqu@drupal.org
53-6925953,Batholomew Prevett,Male,13,312 216 0309,bprevettol@squarespace.com
25-7643084,Andy Burrow,Male,13,868 183 7924,aburrowom@boston.com
05-3412062,Pam Vango,Female,10,218 323 0467,
81-5310318,Sharl Stansby,Female,8,820 290 2414,sstansbyoo@t.co
39-5478343,Corty Ogglebie,Male,10,703 199 0195,cogglebieop@mail.ru
21-2734179,Hymie Ary,Genderfluid,15,475 424 8675,haryoq@dedecms.com
82-1514438,Sonny Sydes,Female,2,263 339 3897,ssydesor@mapquest.com
68-2554413,Marielle Panichelli,Female,15,580 609 0422,mpanichellios@example.com
,,Female,,305 906 5629,agellandot@fastcompany.com
94-2017909,Marci Caslane,Polygender,9,,mcaslaneou@nbcnews.com
07-2011868,Arleta Pady,Female,9,942 632 3631,apadyov@usnews.com
27-6969991,Merilyn Stoeckle,Female,4,210 837 0427,mstoeckleow@constantcontact.com
85-0461381,Burty Taffe,Agender,8,769 480 0670,btaffeox@prweb.com
45-3420685,Renata McDavitt,Female,6,642 319 1298,rmcdavittoy@boston.com
26-5399250,Baxie Carnoghan,Male,10,870 130 4901,bcarnoghanoz@fc2.com
01-8307520,Pavel Pilley,Male,5,436 654 1083,ppilleyp0@nhs.uk
63-4020585,Worden Pasquale,Male,11,196 542 7263,wpasqualep1@vk.com
97-6910698,Cornelius Laurance,Male,12,133 583 6249,claurancep2@nytimes.com
87-8683145,Janette Matson,Female,8,551 680 8614,
47-6562476,Donnamarie Bonnet,Female,4,233 498 2464,dbonnetp4@bravesites.com
43-7508216,Ruby Fierro,Male,15,766 872 0069,
36-1645470,Ebba Ritmeier,,7,870 221 7074,eritmeierp6@dropbox.com
92-4189743,Gretal Sanbrooke,Female,8,882 676 1307,gsanbrookep7@issuu.com
54-9099750,Kane Sibbe,Male,1,804 783 0056,ksibbep8@odnoklassniki.ru
59-3726858,Susanetta Spaduzza,Female,1,,sspaduzzap9@europa.eu
69-9077212,Celina McKeney,Female,2,710 412 2114,cmckeneypa@dropbox.com
37-2726465,Barbie Batiste,Female,5,,
08-7833154,Kori Jellett,Female,12,122 865 3048,kjellettpc@google.it
07-4906047,Tynan Schaffel,Male,11,613 597 5125,tschaffelpd@cnbc.com
45-1621416,Raye Mish,Female,15,366 482 7918,rmishpe@msn.com
40-7986991,Fielding Willwood,Male,13,743 482 7106,fwillwoodpf@epa.gov
,,Female,,127 632 3301,jforganpg@creativecommons.org
18-3265427,Jehanna Manon,Female,9,392 685 2635,jmanonph@ihg.com
49-2499591,Caro Bachellier,,8,869 992 4989,cbachellierpi@discovery.com
70-9366530,Marmaduke Galiero,Male,2,153 966 2570,mgalieropj@hp.com
67-4739831,Maximilianus De Malchar,Male,15,786 477 4911,
90-9783711,Zerk Rodda,Male,7,494 992 2012,zroddapl@google.com.hk
02-6194566,Paxon Larive,Male,13,309 201 2024,plarivepm@symantec.com
48-7033943,Jacob Seager,Male,2,792 779 8113,
70-8748980,Donny Hartley,Male,14,330 942 4077,dhartleypo@chicagotribune.com
63-7090844,Tyne Orpwood,Female,4,349 605 5933,torpwoodpp@ow.ly
16-9732507,Rolland Pantlin,Male,15,402 636 4466,rpantlinpq@4shared.com
09-3205856,Mathew Millimoe,Male,9,577 607 7457,mmillimoepr@wunderground.com
43-2778891,Cullen Stannard,Male,10,766 648 5908,cstannardps@reuters.com
61-2479433,Jordanna Laetham,Female,11,,jlaethampt@ezinearticles.com
45-7253327,Rosene Kundt,Female,8,524 450 7060,rkundtpu@macromedia.com
58-8374717,Collie Pozzo,Bigender,15,488 685 8304,cpozzopv@weebly.com
22-7358979,Jarib Duncklee,Male,15,605 430 8358,jdunckleepw@slideshare.net
41-4679882,Borg Leaton,,13,514 986 5436,bleatonpx@comcast.net
91-8760603,Leanor Benesevich,Female,4,,lbenesevichpy@unc.edu
82-4522660,Gavra Desantis,,13,147 645 4712,gdesantispz@blogger.com
07-6123428,Coraline Bernaldo,Female,1,589 592 4707,cbernaldoq0@google.com.br
64-7134859,Benyamin Hassen,Agender,12,654 820 6701,bhassenq1@discovery.com
05-5834619,Jdavie Chasney,Male,8,521 350 9637,jchasneyq2@theguardian.com
88-1110674,Bailey Vinten,Male,9,463 758 9741,bvintenq3@miitbeian.gov.cn
91-6434047,Raymund Aveling,Male,3,599 394 0444,ravelingq4@techcrunch.com
02-7673937,Odey Rentz,Male,13,,orentzq5@ftc.gov
48-8328739,Bennett Werendell,Male,3,458 734 7111,bwerendellq6@stumbleupon.com
15-8101223,Candy Eteen,,3,362 698 3599,ceteenq7@omniture.com
54-7229557,Euell McMains,Male,2,343 146 3493,emcmainsq8@fotki.com
44-1242506,Demetri Goldsmith,Male,6,,dgoldsmithq9@google.ca
57-5416907,Farah Totman,Female,5,642 690 9016,ftotmanqa@si.edu
04-7849810,Monique Tomadoni,Female,2,202 869 1398,mtomadoniqb@buzzfeed.com
,,,,982 624 8486,yartisqc@gnu.org
94-1244376,Cody Vasser,Male,3,961 158 8096,cvasserqd@blogs.com
34-5238565,Niles Speaks,Male,11,272 867 9812,nspeaksqe@weebly.com
26-0181309,Lionello Johnsey,Male,1,564 650 4118,ljohnseyqf@wikia.com
08-2791593,Laetitia Ferrieres,Female,13,175 760 2118,lferrieresqg@timesonline.co.uk
68-6091828,Ula Genny,Female,15,413 134 5615,ugennyqh@blog.com
00-5405007,Heindrick Chastan,Male,9,311 981 2307,hchastanqi@army.mil
55-0671735,Miner Redon,Male,9,720 475 1108,mredonqj@xrea.com
57-6975122,Deeanne Branch,Agender,7,,dbranchqk@cloudflare.com
80-8907101,Phoebe Beretta,Female,7,869 206 1087,pberettaql@sohu.com
32-7862312,Olivia Dobbs,Female,13,901 835 1405,odobbsqm@imgur.com
94-6968445,Waldo Foystone,Male,1,561 714 7772,wfoystoneqn@dailymotion.com
50-5678019,Pooh Beckinsale,Female,7,552 161 9230,pbeckinsaleqo@prnewswire.com
30-6921190,Barny Backsal,Male,15,956 658 7403,bbacksalqp@ocn.ne.jp
28-3224727,Adrian Danforth,Female,6,793 197 8971,adanforthqq@themeforest.net
13-5502378,Carmella Fillingham,Female,10,,cfillinghamqr@wiley.com
06-8435321,Wallas Powers,,11,117 447 8767,wpowersqs@harvard.edu
19-6552730,Arabel Midgley,Female,13,366 702 1213,amidgleyqt@ft.com
26-8331128,Pat Robion,Male,1,348 983 0460,probionqv@gov.uk
26-7168714,Karalynn Blackwell,Female,14,432 963 3906,kblackwellqw@instagram.com
69-3074999,Demeter Roglieri,Female,13,866 370 4606,droglieriqx@arizona.edu
51-2085681,Holly Rolfini,,5,269 362 9097,hrolfiniqy@ustream.tv
46-1225604,Teodor Oakwell,Male,14,,toakwellqz@facebook.com
53-9687080,Layton Dunlap,Non-binary,14,794 227 6640,ldunlapr0@tripadvisor.com
35-8925963,Abby Trustram,,4,502 265 6026,atrustramr1@amazonaws.com
75-8921069,Erick Hartas,Male,9,425 814 3624,
42-9417295,Leif Haliburton,Male,11,,
93-7851230,Errick Spittall,Genderfluid,2,514 385 4058,espittallr4@w3.org
07-1559096,Anni Wass,Female,10,661 624 5084,awassr5@dyndns.org
11-6729089,Stephen Colthard,Male,7,401 975 1607,scolthardr6@acquirethisname.com
89-4049128,Bord Stollsteimer,Non-binary,10,579 243 0209,bstollsteimerr7@hubpages.com
63-3663104,Amye Tosspell,Genderfluid,14,956 689 8536,atosspellr8@usda.gov
64-5378170,Shayne Barnsley,Female,10,754 508 0309,sbarnsleyr9@cafepress.com
36-9441015,Charla Tinsley,Female,5,850 612 7646,ctinsleyra@reference.com
56-1238667,Albertina Avramov,Female,11,378 965 2703,aavramovrb@gmpg.org
08-9483549,Edwina Ferran,Female,11,722 267 6048,eferranrc@vkontakte.ru
05-5775808,Read Carrick,Male,8,928 109 2083,rcarrickrd@mashable.com
62-7426391,Starlene Heustice,Polygender,5,744 112 4591,sheusticere@typepad.com
63-7145600,Broddie Wrotham,Male,4,295 244 8277,bwrothamrf@arstechnica.com
57-8513909,Katey Gregorowicz,Female,11,763 105 3860,
47-1423826,Kip Hansard,Male,13,523 785 2021,khansardrh@4shared.com
49-9735544,Gaynor Loveman,Female,1,264 524 2719,glovemanri@qq.com
29-5665581,Yul de Grey,Male,6,476 787 8871,yderj@dedecms.com
38-9627847,Scarlett Trotman,Female,6,703 345 7346,strotmanrk@odnoklassniki.ru
95-4342949,Dewain M'Quharge,Male,11,247 532 3295,dmquhargerl@slideshare.net
70-5629633,Brunhilda Jillett,Female,6,452 728 5080,
38-1744096,Turner Gardiner,Male,7,183 588 5982,tgardinerrn@yellowpages.com
43-7132716,Saundra Lentsch,Female,9,267 828 8860,slentschro@loc.gov
23-3253418,Devin Cammish,Male,11,865 230 9792,dcammishrp@washingtonpost.com
76-8212551,Gard Drable,Male,13,120 774 3556,gdrablerq@google.es
61-5891836,Gare Needham,,3,184 950 8970,gneedhamrr@imgur.com
